[
  {
    "dimension": {
      "f_135804_": "minecraft",
      "f_135805_": "overworld"
    },
    "id": "58e7ca9c-3044-4c30-8ef8-f3a5319c6ecc",
    "ownerID": "69c866ba-aa9a-3ca1-a775-5ba2ec131697",
    "pos": {
      "f_123285_": -88,
      "f_123286_": 75,
      "f_123289_": 114
    },
    "type": 0
  },
  {
    "dimension": {
      "f_135804_": "minecraft",
      "f_135805_": "overworld"
    },
    "id": "4f17a56b-06ea-44fb-8815-3bbe1a066c79",
    "ownerID": "a9eed7b5-9267-313b-9929-e2447d3bf1d3",
    "pos": {
      "f_123285_": -104,
      "f_123286_": 71,
      "f_123289_": -84
    },
    "type": 1
  }
]