{"stats":{"minecraft:used":{"minecraft:dirt":2,"minecraft:crafting_table":1,"minecraft:oak_boat":1},"minecraft:custom":{"minecraft:time_since_rest":6988,"minecraft:crouch_one_cm":1672,"minecraft:play_time":6988,"minecraft:sprint_one_cm":3665,"minecraft:damage_taken":120,"minecraft:walk_one_cm":9304,"minecraft:sneak_time":784,"minecraft:walk_under_water_one_cm":2202,"minecraft:boat_one_cm":486,"minecraft:jump":95,"minecraft:leave_game":1,"minecraft:time_since_death":6988,"minecraft:walk_on_water_one_cm":307,"minecraft:total_world_time":6988,"minecraft:interact_with_crafting_table":1,"minecraft:fall_one_cm":3876,"minecraft:fly_one_cm":3178},"minecraft:picked_up":{"minecraft:oak_log":5,"minecraft:dirt":3},"minecraft:mined":{"minecraft:grass":1,"minecraft:grass_block":3,"minecraft:oak_log":5,"minecraft:oak_leaves":3},"minecraft:crafted":{"minecraft:oak_boat":1,"minecraft:oak_planks":20,"minecraft:crafting_table":1}},"DataVersion":3120}