{"stats":{"minecraft:dropped":{"ars_nouveau:worn_notebook":1,"alexsmobs:animal_dictionary":1,"enigmaticlegacy:enigmatic_amulet":1,"patchouli:guide_book":1,"enigmaticlegacy:cursed_ring":1},"minecraft:used":{"alexsmobs:animal_dictionary":1},"minecraft:picked_up":{"minecraft:wheat_seeds":2,"minecraft:oak_log":5,"minecraft:oak_sapling":1},"minecraft:killed_by":{"minecraft:phantom":1},"minecraft:custom":{"minecraft:time_since_rest":1357,"enigmaticlegacy:play_time_with_seven_curses":4022,"minecraft:damage_taken":309,"minecraft:crouch_one_cm":3055,"minecraft:play_time":10053,"minecraft:walk_one_cm":18323,"minecraft:sprint_one_cm":8146,"minecraft:deaths":1,"minecraft:sneak_time":810,"minecraft:drop":5,"minecraft:jump":79,"minecraft:damage_dealt":252,"minecraft:leave_game":3,"minecraft:time_since_death":0,"enigmaticlegacy:play_time_without_seven_curses":4674,"minecraft:total_world_time":10053,"minecraft:fall_one_cm":2224,"minecraft:fly_one_cm":13961,"minecraft:player_kills":1},"minecraft:mined":{"minecraft:grass":9,"minecraft:oak_log":5,"minecraft:tall_grass":16,"minecraft:birch_leaves":5,"minecraft:oak_leaves":2}},"DataVersion":3465}