{"stats":{"minecraft:killed":{"minecraft:sheep":1},"minecraft:used":{"minecraft:white_wool":1,"minecraft:dirt":2,"minecraft:crafting_table":2,"minecraft:oak_boat":1},"minecraft:custom":{"minecraft:time_since_rest":63,"minecraft:deaths":1,"minecraft:crouch_one_cm":1672,"minecraft:sprint_one_cm":7885,"minecraft:play_time":12250,"minecraft:damage_taken":240,"minecraft:walk_one_cm":12040,"minecraft:sneak_time":784,"minecraft:walk_under_water_one_cm":2202,"minecraft:mob_kills":1,"minecraft:boat_one_cm":486,"minecraft:jump":134,"minecraft:damage_dealt":79,"minecraft:leave_game":2,"minecraft:walk_on_water_one_cm":307,"minecraft:time_since_death":36,"minecraft:total_world_time":12250,"minecraft:interact_with_crafting_table":3,"minecraft:fall_one_cm":4294,"minecraft:fly_one_cm":5407},"minecraft:picked_up":{"minecraft:oak_log":5,"minecraft:mutton":2,"minecraft:white_wool":1,"minecraft:dirt":3},"minecraft:mined":{"minecraft:grass":1,"minecraft:grass_block":3,"minecraft:oak_log":5,"minecraft:oak_leaves":3},"minecraft:crafted":{"minecraft:oak_boat":1,"minecraft:oak_planks":20,"minecraft:crafting_table":2}},"DataVersion":3120}