{"stats":{"minecraft:dropped":{"ars_nouveau:worn_notebook":1,"alexsmobs:animal_dictionary":1,"enigmaticlegacy:enigmatic_amulet":1,"patchouli:guide_book":1,"enigmaticlegacy:cursed_ring":1},"minecraft:used":{"alexsmobs:animal_dictionary":1},"minecraft:picked_up":{"minecraft:wheat_seeds":2,"minecraft:oak_log":5},"minecraft:custom":{"minecraft:time_since_rest":5996,"enigmaticlegacy:play_time_with_seven_curses":1322,"minecraft:crouch_one_cm":2928,"minecraft:play_time":5996,"minecraft:sprint_one_cm":2975,"minecraft:damage_taken":89,"minecraft:walk_one_cm":11840,"minecraft:sneak_time":772,"minecraft:drop":5,"minecraft:jump":40,"minecraft:damage_dealt":252,"minecraft:leave_game":1,"minecraft:time_since_death":5996,"enigmaticlegacy:play_time_without_seven_curses":4674,"minecraft:total_world_time":5996,"minecraft:fall_one_cm":902,"minecraft:fly_one_cm":4272,"minecraft:player_kills":1},"minecraft:mined":{"minecraft:grass":9,"minecraft:oak_log":5,"minecraft:tall_grass":16,"minecraft:birch_leaves":5}},"DataVersion":3465}