{"stats":{"minecraft:crafted":{"notreepunching:flint_pickaxe":1,"minecraft:crafting_table":1,"minecraft:spruce_planks":64,"notreepunching:flint_axe":2,"notreepunching:plant_string":3,"notreepunching:flint_knife":2},"minecraft:broken":{"notreepunching:flint_pickaxe":1,"notreepunching:flint_knife":1,"notreepunching:flint_axe":1},"minecraft:mined":{"minecraft:raw_iron_block":4,"minecraft:white_bed":1,"minecraft:red_bed":1,"minecraft:iron_ore":16,"mores:deepslate_tin_ore":1,"minecraft:cherry_log":38,"minecraft:spruce_log":45,"minecraft:andesite":1,"minecraft:light_gray_wool":1,"minecraft:grass":57,"minecraft:coal_ore":13,"minecraft:chest":1,"notreepunching:stone_loose_rock":1,"minecraft:gravel":87,"minecraft:coal_block":1,"minecraft:cobblestone":1,"minecraft:spruce_leaves":10,"minecraft:stone":19,"mores:tin_ore":2,"minecraft:white_wool":10,"minecraft:oak_leaves":1},"minecraft:picked_up":{"notreepunching:flint_shard":8,"minecraft:stick":16,"minecraft:raw_iron":16,"minecraft:andesite":1,"minecraft:raw_iron_block":4,"minecraft:gravel":82,"minecraft:flint":5,"minecraft:cherry_log":35,"minecraft:spruce_sapling":8,"minecraft:white_bed":1,"minecraft:spruce_log":39,"minecraft:red_bed":1,"minecraft:lantern":2,"minecraft:white_banner":2,"mores:raw_tin":9,"minecraft:wheat_seeds":6,"notreepunching:stone_loose_rock":2,"minecraft:cherry_sapling":11,"minecraft:spruce_sign":12,"minecraft:light_gray_wool":1,"notreepunching:plant_fiber":10,"minecraft:coal_block":1,"minecraft:chest":1,"minecraft:coal":12,"minecraft:white_wool":10,"minecraft:cobblestone":19},"minecraft:used":{"notreepunching:flint_axe":92,"minecraft:bread":2,"notreepunching:flint_pickaxe":64,"minecraft:gravel":72,"notreepunching:flint_knife":60,"minecraft:crafting_table":1},"minecraft:custom":{"minecraft:time_since_rest":3344,"minecraft:sprint_one_cm":14406,"minecraft:damage_taken":30,"minecraft:walk_one_cm":76832,"minecraft:interact_with_crafting_table":3,"minecraft:fly_one_cm":14146,"minecraft:open_chest":3,"minecraft:crouch_one_cm":4737,"minecraft:play_time":18513,"minecraft:sneak_time":2264,"minecraft:walk_under_water_one_cm":632,"minecraft:jump":195,"minecraft:walk_on_water_one_cm":1237,"minecraft:leave_game":1,"minecraft:time_since_death":18513,"minecraft:sleep_in_bed":1,"minecraft:total_world_time":18513,"minecraft:climb_one_cm":28,"minecraft:fall_one_cm":2539}},"DataVersion":3465}