{"stats":{"minecraft:crafted":{"minecraft:crafting_table":2,"minecraft:spruce_planks":64,"minecraft:iron_sword":1,"minecraft:furnace":1,"minecraft:air":0,"minecraft:iron_chestplate":1,"notreepunching:flint_pickaxe":1,"minecraft:shield":1,"minecraft:iron_ingot":28,"minecraft:iron_pickaxe":1,"minecraft:iron_block":3,"notreepunching:flint_axe":2,"notreepunching:plant_string":3,"notreepunching:flint_knife":2},"minecraft:killed":{"undead_revamp2:the_moonflower":1,"undead_revamp2:theswarmer":1,"minecraft:zombie":1},"minecraft:broken":{"notreepunching:flint_pickaxe":1,"notreepunching:flint_knife":2,"notreepunching:flint_axe":2},"minecraft:mined":{"minecraft:white_bed":1,"minecraft:red_bed":1,"minecraft:cherry_log":38,"notreepunching:stone_loose_rock":1,"minecraft:chest":1,"minecraft:coal_block":1,"minecraft:cobblestone":1,"minecraft:spruce_leaves":10,"minecraft:moss_block":2,"mores:tin_ore":2,"minecraft:raw_iron_block":4,"minecraft:iron_ore":16,"mores:deepslate_tin_ore":1,"minecraft:spruce_log":45,"minecraft:andesite":1,"minecraft:light_gray_wool":1,"minecraft:grass":111,"minecraft:coal_ore":13,"minecraft:oak_log":4,"minecraft:gravel":87,"mores:silver_ore":2,"minecraft:stone":20,"minecraft:white_wool":10,"minecraft:oak_leaves":5},"minecraft:picked_up":{"minecraft:andesite":1,"minecraft:flint":5,"minecraft:red_bed":1,"minecraft:lantern":2,"minecraft:white_banner":2,"minecraft:bone":1,"minecraft:wheat_seeds":14,"notreepunching:plant_fiber":22,"minecraft:light_gray_wool":1,"minecraft:chest":1,"minecraft:moss_block":1,"minecraft:coal_block":1,"notreepunching:flint_shard":8,"minecraft:stick":16,"minecraft:raw_iron":16,"minecraft:raw_iron_block":4,"minecraft:gravel":82,"minecraft:cherry_log":35,"minecraft:spruce_sapling":8,"minecraft:white_bed":1,"minecraft:spruce_log":39,"mores:raw_tin":9,"minecraft:rotten_flesh":4,"notreepunching:stone_loose_rock":2,"minecraft:cherry_sapling":11,"minecraft:spruce_sign":12,"mores:raw_silver":2,"minecraft:coal":12,"minecraft:white_wool":10,"minecraft:cobblestone":20},"minecraft:used":{"minecraft:iron_sword":27,"notreepunching:flint_knife":120,"minecraft:iron_chestplate":1,"minecraft:crafting_table":2,"notreepunching:flint_axe":96,"minecraft:apple":2,"minecraft:bread":2,"minecraft:iron_pickaxe":3,"notreepunching:flint_pickaxe":64,"minecraft:gravel":80,"minecraft:furnace":1,"minecraft:potato":1},"minecraft:custom":{"minecraft:interact_with_furnace":7,"minecraft:mob_kills":3,"minecraft:interact_with_crafting_table":9,"minecraft:leave_game":1,"minecraft:time_since_death":30513,"minecraft:sleep_in_bed":1,"minecraft:climb_one_cm":28,"minecraft:time_since_rest":15344,"minecraft:sprint_one_cm":46321,"minecraft:damage_taken":126,"minecraft:walk_one_cm":106671,"minecraft:damage_dealt":988,"minecraft:fly_one_cm":52151,"minecraft:open_chest":3,"minecraft:crouch_one_cm":5078,"minecraft:play_time":30513,"minecraft:sneak_time":2666,"minecraft:walk_under_water_one_cm":632,"minecraft:jump":372,"minecraft:walk_on_water_one_cm":1521,"minecraft:total_world_time":30513,"minecraft:fall_one_cm":4896}},"DataVersion":3465}