{"stats":{"minecraft:dropped":{"ars_nouveau:worn_notebook":1,"alexsmobs:animal_dictionary":1,"enigmaticlegacy:enigmatic_amulet":1,"patchouli:guide_book":1,"enigmaticlegacy:cursed_ring":1},"minecraft:used":{"alexsmobs:animal_dictionary":1},"minecraft:picked_up":{"minecraft:wheat_seeds":2,"minecraft:gray_wool":1,"minecraft:oak_log":5,"minecraft:oak_sapling":1,"minecraft:mutton":4,"minecraft:white_wool":1},"minecraft:killed_by":{"minecraft:phantom":1,"minecraft:bee":1},"minecraft:crafted":{"minecraft:oak_planks":20,"minecraft:crafting_table":1},"minecraft:custom":{"minecraft:time_since_rest":221,"enigmaticlegacy:play_time_with_seven_curses":7168,"minecraft:damage_taken":549,"minecraft:crouch_one_cm":3055,"minecraft:play_time":15146,"minecraft:walk_one_cm":25536,"minecraft:sprint_one_cm":18520,"minecraft:deaths":2,"minecraft:sneak_time":820,"minecraft:mob_kills":2,"minecraft:drop":5,"minecraft:jump":149,"minecraft:damage_dealt":412,"minecraft:walk_on_water_one_cm":365,"minecraft:leave_game":5,"minecraft:time_since_death":194,"enigmaticlegacy:play_time_without_seven_curses":4674,"minecraft:total_world_time":15146,"minecraft:fall_one_cm":3745,"minecraft:fly_one_cm":32129,"minecraft:player_kills":1},"minecraft:killed":{"minecraft:sheep":2},"minecraft:mined":{"gravestone:gravestone":1,"minecraft:grass":14,"minecraft:oak_log":5,"minecraft:tall_grass":16,"minecraft:birch_leaves":5,"minecraft:oak_leaves":2}},"DataVersion":3465}