{"stats":{"minecraft:crafted":{"notreepunching:flint_axe":1,"notreepunching:plant_string":2,"notreepunching:flint_knife":1},"minecraft:mined":{"minecraft:grass":32,"minecraft:gravel":87,"minecraft:spruce_leaves":10,"minecraft:spruce_log":1,"minecraft:oak_leaves":1},"minecraft:picked_up":{"notreepunching:flint_shard":8,"minecraft:stick":2,"minecraft:wheat_seeds":3,"minecraft:gravel":82,"minecraft:flint":5,"notreepunching:plant_fiber":6},"minecraft:used":{"notreepunching:flint_knife":34,"notreepunching:flint_axe":1,"minecraft:gravel":72},"minecraft:custom":{"minecraft:time_since_rest":6513,"minecraft:crouch_one_cm":1739,"minecraft:play_time":6513,"minecraft:sprint_one_cm":5046,"minecraft:damage_taken":30,"minecraft:walk_one_cm":30053,"minecraft:sneak_time":634,"minecraft:jump":87,"minecraft:leave_game":1,"minecraft:time_since_death":6513,"minecraft:climb_one_cm":28,"minecraft:total_world_time":6513,"minecraft:fall_one_cm":1105,"minecraft:fly_one_cm":5883}},"DataVersion":3465}