{"stats":{"minecraft:used":{"minecraft:wooden_axe":29,"minecraft:birch_planks":4,"undead_revamp2:blacpetalblock":1,"minecraft:oak_planks":19,"minecraft:wooden_pickaxe":24,"minecraft:cobblestone":2,"minecraft:wooden_sword":55,"minecraft:dirt":7,"minecraft:crafting_table":3,"minecraft:cooked_porkchop":1,"minecraft:furnace":1,"minecraft:porkchop":2,"minecraft:white_bed":5,"alexsmobs:animal_dictionary":5},"minecraft:picked_up":{"minecraft:stick":1,"minecraft:birch_log":6,"minecraft:crafting_table":2,"patchouli:guide_book":1,"minecraft:leather":6,"minecraft:birch_planks":4,"minecraft:porkchop":22,"enigmaticlegacy:enigmatic_amulet":1,"minecraft:oak_log":5,"minecraft:white_bed":4,"minecraft:dirt":7,"alexsmobs:animal_dictionary":1,"undead_revamp2:blacpetalblock":1,"minecraft:rotten_flesh":7,"enigmaticlegacy:cursed_ring":1,"ars_nouveau:worn_notebook":1,"minecraft:beef":11,"minecraft:oak_sapling":1,"minecraft:oak_planks":8,"minecraft:birch_sapling":1,"minecraft:mutton":9,"undead_revamp2:arapholia":1,"minecraft:white_wool":5,"minecraft:cobblestone":10},"minecraft:killed_by":{"minecraft:player":1,"alexsmobs:raccoon":1},"minecraft:crafted":{"minecraft:wooden_sword":1,"minecraft:oak_planks":20,"minecraft:cooked_porkchop":19,"minecraft:crafting_table":1,"minecraft:stick":8,"minecraft:wooden_pickaxe":1,"minecraft:wooden_axe":1,"minecraft:furnace":1,"minecraft:white_bed":1,"minecraft:birch_planks":24,"minecraft:air":0},"minecraft:custom":{"minecraft:time_since_rest":480,"minecraft:interact_with_furnace":9,"enigmaticlegacy:play_time_with_seven_curses":0,"minecraft:sprint_one_cm":53789,"minecraft:damage_taken":470,"minecraft:walk_one_cm":86156,"minecraft:mob_kills":24,"minecraft:damage_dealt":2449,"enigmaticlegacy:play_time_without_seven_curses":28758,"minecraft:interact_with_crafting_table":5,"minecraft:fly_one_cm":55700,"minecraft:crouch_one_cm":773,"minecraft:play_time":28849,"minecraft:deaths":2,"minecraft:sneak_time":450,"minecraft:walk_under_water_one_cm":165,"minecraft:jump":452,"minecraft:leave_game":1,"minecraft:time_since_death":437,"minecraft:walk_on_water_one_cm":206,"minecraft:sleep_in_bed":2,"minecraft:total_world_time":28849,"minecraft:fall_one_cm":10421},"minecraft:killed":{"minecraft:sheep":5,"minecraft:pig":10,"alexsmobs:raccoon":1,"undead_revamp2:the_moonflower":2,"minecraft:cow":6},"minecraft:broken":{"minecraft:wooden_sword":1},"minecraft:mined":{"minecraft:birch_planks":4,"minecraft:white_bed":4,"minecraft:birch_log":6,"minecraft:crafting_table":2,"gravestone:gravestone":1,"minecraft:grass":5,"minecraft:grass_block":4,"minecraft:oak_log":5,"minecraft:dirt":5,"minecraft:stone":12,"minecraft:oak_planks":8,"minecraft:oak_leaves":25}},"DataVersion":3465}