{"stats":{"minecraft:used":{"minecraft:wooden_axe":11,"minecraft:birch_planks":4,"minecraft:wooden_pickaxe":24,"minecraft:wooden_sword":32,"minecraft:dirt":7,"minecraft:crafting_table":3,"minecraft:furnace":1,"minecraft:porkchop":2,"minecraft:white_bed":2,"alexsmobs:animal_dictionary":5},"minecraft:picked_up":{"minecraft:stick":1,"minecraft:birch_log":6,"minecraft:crafting_table":2,"patchouli:guide_book":1,"minecraft:birch_planks":4,"minecraft:porkchop":21,"enigmaticlegacy:enigmatic_amulet":1,"minecraft:oak_log":5,"minecraft:white_bed":2,"minecraft:dirt":7,"alexsmobs:animal_dictionary":1,"minecraft:rotten_flesh":7,"enigmaticlegacy:cursed_ring":1,"ars_nouveau:worn_notebook":1,"minecraft:oak_sapling":1,"minecraft:birch_sapling":1,"minecraft:mutton":6,"minecraft:white_wool":3,"minecraft:cobblestone":10},"minecraft:killed_by":{"minecraft:player":1},"minecraft:crafted":{"minecraft:wooden_sword":1,"minecraft:oak_planks":20,"minecraft:cooked_porkchop":7,"minecraft:crafting_table":1,"minecraft:stick":8,"minecraft:wooden_pickaxe":1,"minecraft:wooden_axe":1,"minecraft:furnace":1,"minecraft:white_bed":1,"minecraft:birch_planks":24,"minecraft:air":0},"minecraft:custom":{"minecraft:time_since_rest":4467,"minecraft:interact_with_furnace":7,"enigmaticlegacy:play_time_with_seven_curses":0,"minecraft:sprint_one_cm":33298,"minecraft:damage_taken":385,"minecraft:walk_one_cm":49928,"minecraft:mob_kills":13,"minecraft:damage_dealt":1239,"enigmaticlegacy:play_time_without_seven_curses":17044,"minecraft:interact_with_crafting_table":5,"minecraft:fly_one_cm":28056,"minecraft:play_time":17093,"minecraft:deaths":1,"minecraft:walk_under_water_one_cm":165,"minecraft:jump":266,"minecraft:time_since_death":14331,"minecraft:walk_on_water_one_cm":206,"minecraft:sleep_in_bed":1,"minecraft:total_world_time":17093,"minecraft:fall_one_cm":4126},"minecraft:killed":{"minecraft:sheep":3,"minecraft:pig":9,"undead_revamp2:the_moonflower":1},"minecraft:mined":{"minecraft:birch_planks":4,"minecraft:white_bed":2,"minecraft:birch_log":6,"minecraft:crafting_table":2,"gravestone:gravestone":1,"minecraft:grass":5,"minecraft:grass_block":4,"minecraft:oak_log":5,"minecraft:dirt":5,"minecraft:stone":12,"minecraft:oak_leaves":15}},"DataVersion":3465}