{"stats":{"minecraft:used":{"minecraft:birch_planks":4,"minecraft:oak_planks":19,"undead_revamp2:blacpetalblock":1,"minecraft:wooden_pickaxe":24,"minecraft:wooden_sword":55,"minecraft:cobblestone":2,"minecraft:dirt":8,"minecraft:crafting_table":3,"minecraft:furnace":1,"minecraft:porkchop":2,"minecraft:cooked_porkchop":1,"alexsmobs:animal_dictionary":5,"minecraft:white_bed":5,"minecraft:wooden_axe":29},"minecraft:picked_up":{"minecraft:birch_log":6,"minecraft:stick":1,"minecraft:crafting_table":2,"patchouli:guide_book":1,"minecraft:leather":6,"minecraft:birch_planks":4,"minecraft:porkchop":22,"enigmaticlegacy:enigmatic_amulet":1,"minecraft:oak_log":5,"minecraft:white_bed":4,"minecraft:dirt":8,"alexsmobs:animal_dictionary":1,"minecraft:rotten_flesh":7,"undead_revamp2:blacpetalblock":1,"enigmaticlegacy:cursed_ring":1,"ars_nouveau:worn_notebook":1,"minecraft:beef":11,"minecraft:oak_sapling":1,"minecraft:mutton":9,"minecraft:birch_sapling":1,"minecraft:oak_planks":8,"undead_revamp2:arapholia":1,"minecraft:white_wool":5,"minecraft:cobblestone":10},"minecraft:crafted":{"minecraft:wooden_sword":1,"minecraft:oak_planks":20,"minecraft:cooked_porkchop":19,"minecraft:crafting_table":1,"minecraft:stick":8,"minecraft:wooden_pickaxe":1,"minecraft:wooden_axe":1,"minecraft:furnace":1,"minecraft:white_bed":1,"minecraft:birch_planks":24,"minecraft:air":0},"minecraft:killed_by":{"alexsmobs:raccoon":1,"minecraft:player":1},"minecraft:custom":{"enigmaticlegacy:play_time_with_seven_curses":0,"minecraft:time_since_rest":4065,"minecraft:sprint_one_cm":58647,"minecraft:interact_with_furnace":9,"minecraft:damage_taken":470,"minecraft:walk_one_cm":90241,"minecraft:mob_kills":24,"minecraft:damage_dealt":2449,"enigmaticlegacy:play_time_without_seven_curses":32343,"minecraft:interact_with_crafting_table":5,"minecraft:fly_one_cm":65234,"minecraft:crouch_one_cm":773,"minecraft:play_time":32434,"minecraft:deaths":2,"minecraft:sneak_time":450,"minecraft:walk_under_water_one_cm":165,"minecraft:jump":490,"minecraft:leave_game":2,"minecraft:time_since_death":4022,"minecraft:walk_on_water_one_cm":206,"minecraft:sleep_in_bed":2,"minecraft:total_world_time":32434,"minecraft:fall_one_cm":11950},"minecraft:killed":{"minecraft:sheep":5,"minecraft:pig":10,"alexsmobs:raccoon":1,"undead_revamp2:the_moonflower":2,"minecraft:cow":6},"minecraft:broken":{"minecraft:wooden_sword":1},"minecraft:mined":{"minecraft:birch_planks":4,"minecraft:white_bed":4,"minecraft:birch_log":6,"minecraft:crafting_table":2,"gravestone:gravestone":2,"minecraft:grass":5,"minecraft:grass_block":4,"minecraft:oak_log":5,"minecraft:dirt":6,"minecraft:stone":12,"minecraft:oak_planks":8,"minecraft:oak_leaves":25}},"DataVersion":3465}