{"stats":{"minecraft:used":{"minecraft:birch_planks":4,"alexsmobs:animal_dictionary":1},"minecraft:picked_up":{"minecraft:birch_log":6,"enigmaticlegacy:cursed_ring":1,"patchouli:guide_book":1,"ars_nouveau:worn_notebook":1,"enigmaticlegacy:enigmatic_amulet":1,"minecraft:birch_sapling":1,"alexsmobs:animal_dictionary":1},"minecraft:killed_by":{"minecraft:player":1},"minecraft:crafted":{"minecraft:birch_planks":24},"minecraft:custom":{"minecraft:time_since_rest":2380,"enigmaticlegacy:play_time_with_seven_curses":0,"minecraft:play_time":5093,"minecraft:sprint_one_cm":2415,"minecraft:deaths":1,"minecraft:damage_taken":255,"minecraft:walk_one_cm":15696,"minecraft:jump":66,"minecraft:damage_dealt":69,"minecraft:time_since_death":2331,"enigmaticlegacy:play_time_without_seven_curses":5044,"minecraft:total_world_time":5093,"minecraft:fall_one_cm":420,"minecraft:fly_one_cm":4250},"minecraft:mined":{"gravestone:gravestone":1,"minecraft:grass":4,"minecraft:birch_log":6}},"DataVersion":3465}